,post_id,time,date,hour
0,734858865344880,2023-11-22 04:00:03,2023-11-22,04:00:03
1,734277628736337,2023-11-21 12:00:05,2023-11-21,12:00:05
2,734231668740933,2023-11-20 14:42:23,2023-11-20,14:42:23
3,733519365478830,2023-11-19 13:00:41,2023-11-19,13:00:41
4,732762162221217,2023-11-18 03:38:53,2023-11-18,03:38:53
5,731501415680625,2023-11-15 23:29:14,2023-11-15,23:29:14
6,730297869134313,2023-11-15 12:00:01,2023-11-15,12:00:01
7,730310522466381,2023-11-14 12:00:02,2023-11-14,12:00:02
8,730293662468067,2023-11-14 07:00:01,2023-11-14,07:00:01
9,729527235878043,2023-11-13 12:00:01,2023-11-13,12:00:01
10,729536905877076,2023-11-12 12:00:02,2023-11-12,12:00:02
11,728900062607427,2023-11-11 05:46:54,2023-11-11,05:46:54
12,727938399370260,2023-11-09 13:01:55,2023-11-09,13:01:55
13,727933632704070,2023-11-09 12:00:26,2023-11-09,12:00:26
14,727591449404955,2023-11-09 04:00:04,2023-11-09,04:00:04
15,725140016316765,2023-11-06 12:00:00,2023-11-06,12:00:00
16,725184562978977,2023-11-05 03:00:04,2023-11-05,03:00:04
17,725274782969955,2023-11-04 13:55:28,2023-11-04,13:55:28
18,725143652983068,2023-11-04 08:17:25,2023-11-04,08:17:25
19,724127373084696,2023-11-02 13:00:15,2023-11-02,13:00:15
20,724071589756941,2023-11-02 11:55:32,2023-11-02,11:55:32
21,722668543230579,2023-10-31 05:03:03,2023-10-31,05:03:03
22,722657213231712,2023-10-31 04:03:01,2023-10-31,04:03:01
23,721270010037099,2023-10-28 13:00:03,2023-10-28,13:00:03
24,721238053373628,2023-10-28 08:29:58,2023-10-28,08:29:58
25,720385350125565,2023-10-26 18:00:12,2023-10-26,18:00:12
26,720163543481079,2023-10-26 12:00:02,2023-10-26,12:00:02
27,719758466854920,2023-10-26 04:00:05,2023-10-26,04:00:05
28,719428353554598,2023-10-25 03:45:13,2023-10-25,03:45:13
29,717183097112457,2023-10-23 12:00:01,2023-10-23,12:00:01
30,718188250345275,2023-10-23 03:27:51,2023-10-23,03:27:51
31,717136717117095,2023-10-21 08:34:22,2023-10-21,08:34:22
32,715883817242385,2023-10-19 06:00:27,2023-10-19,06:00:27
33,715812747249492,2023-10-19 03:00:04,2023-10-19,03:00:04
34,710394324458001,2023-10-18 13:00:03,2023-10-18,13:00:03
35,714839704013463,2023-10-17 14:14:36,2023-10-17,14:14:36
36,714265590737541,2023-10-16 14:11:38,2023-10-16,14:11:38
37,712133440950756,2023-10-13 05:51:51,2023-10-13,05:51:51
38,711497414347692,2023-10-12 06:12:18,2023-10-12,06:12:18
39,710428131121287,2023-10-10 12:15:35,2023-10-10,12:15:35
40,709802411183859,2023-10-09 12:00:01,2023-10-09,12:00:01
41,708505444646889,2023-10-07 08:02:06,2023-10-07,08:02:06
42,708018721362228,2023-10-06 12:00:02,2023-10-06,12:00:02
43,707968208033946,2023-10-06 09:05:22,2023-10-06,09:05:22
44,707938714703562,2023-10-06 07:51:43,2023-10-06,07:51:43
45,707563098074457,2023-10-05 13:59:37,2023-10-05,13:59:37
46,707460941418006,2023-10-05 12:00:46,2023-10-05,12:00:46
47,706915298139237,2023-10-04 12:00:39,2023-10-04,12:00:39
48,706865204810913,2023-10-04 07:13:32,2023-10-04,07:13:32
49,706456304851803,2023-10-03 13:00:01,2023-10-03,13:00:01
50,706426588188108,2023-10-03 12:00:02,2023-10-03,12:00:02
51,705819278248839,2023-10-02 13:30:01,2023-10-02,13:30:01
52,705749651589135,2023-10-02 12:00:00,2023-10-02,12:00:00
53,704624288368338,2023-09-30 10:30:00,2023-09-30,10:30:00
54,704116041752496,2023-09-29 13:00:02,2023-09-29,13:00:02
55,703608218469945,2023-09-28 15:56:18,2023-09-28,15:56:18
56,702125631951537,2023-09-26 12:00:05,2023-09-26,12:00:05
57,702078751956225,2023-09-26 08:15:55,2023-09-26,08:15:55
58,700832668747500,2023-09-24 12:00:06,2023-09-24,12:00:06
59,699682828862484,2023-09-22 12:00:01,2023-09-22,12:00:01
60,699546618876105,2023-09-22 03:28:12,2023-09-22,03:28:12
61,699157888914978,2023-09-21 12:00:01,2023-09-21,12:00:01
62,699092555588178,2023-09-21 07:58:39,2023-09-21,07:58:39
63,698431148987652,2023-09-20 03:58:52,2023-09-20,03:58:52
64,697988745698559,2023-09-19 12:30:01,2023-09-19,12:30:01
65,697951315702302,2023-09-19 10:19:31,2023-09-19,10:19:31
66,697885459042221,2023-09-19 07:36:48,2023-09-19,07:36:48
67,697366649094102,2023-09-18 12:05:00,2023-09-18,12:05:00
68,696035379227229,2023-09-16 10:03:47,2023-09-16,10:03:47
69,695433395954094,2023-09-15 12:00:01,2023-09-15,12:00:01
70,694824042681696,2023-09-14 12:00:02,2023-09-14,12:00:02
71,694222416075192,2023-09-13 13:05:00,2023-09-13,13:05:00
72,694188156078618,2023-09-13 08:49:46,2023-09-13,08:49:46
73,693589896138444,2023-09-12 07:30:58,2023-09-12,07:30:58
74,693038262860274,2023-09-11 08:49:44,2023-09-11,08:49:44
75,691131279717639,2023-09-08 08:25:08,2023-09-08,08:25:08
76,690617279769039,2023-09-07 13:10:02,2023-09-07,13:10:02
77,690635616433872,2023-09-07 12:00:01,2023-09-07,12:00:01
78,690130156484418,2023-09-06 13:05:03,2023-09-06,13:05:03
79,690110093153091,2023-09-06 12:00:07,2023-09-06,12:00:07
80,689626436534790,2023-09-05 12:00:02,2023-09-05,12:00:02
81,689540419876725,2023-09-05 08:03:25,2023-09-05,08:03:25
82,689532036544230,2023-09-05 07:44:38,2023-09-05,07:44:38
83,689101023253998,2023-09-04 12:00:01,2023-09-04,12:00:01
84,689082493255851,2023-09-04 09:51:53,2023-09-04,09:51:53
85,687475086749925,2023-09-01 13:21:55,2023-09-01,13:21:55
86,686388230191944,2023-08-30 13:00:02,2023-08-30,13:00:02
87,686300906867343,2023-08-30 12:00:03,2023-08-30,12:00:03
88,685724406924993,2023-08-29 13:00:01,2023-08-29,13:00:01
89,685703266927107,2023-08-29 12:00:01,2023-08-29,12:00:01
90,685263900304377,2023-08-28 12:00:01,2023-08-28,12:00:01
91,683534070477360,2023-08-25 07:49:46,2023-08-25,07:49:46
92,683050150525752,2023-08-24 13:00:05,2023-08-24,13:00:05
93,683034673860633,2023-08-24 12:00:01,2023-08-24,12:00:01
94,683002007197233,2023-08-24 07:10:48,2023-08-24,07:10:48
95,682602737237160,2023-08-23 12:00:01,2023-08-23,12:00:01
96,682061850624582,2023-08-22 12:00:01,2023-08-22,12:00:01
97,682049893959111,2023-08-22 07:45:06,2023-08-22,07:45:06
98,681598084004292,2023-08-21 12:00:01,2023-08-21,12:00:01
99,681598487337585,2023-08-21 09:14:17,2023-08-21,09:14:17
100,680412097456224,2023-08-20 04:11:35,2023-08-20,04:11:35
101,680420167455417,2023-08-19 07:44:15,2023-08-19,07:44:15
102,679982834165817,2023-08-18 13:10:00,2023-08-18,13:10:00
103,679934204170680,2023-08-18 12:00:01,2023-08-18,12:00:01
104,679912140839553,2023-08-18 08:00:01,2023-08-18,08:00:01
105,679362200894547,2023-08-17 04:55:09,2023-08-17,04:55:09
106,678968874267213,2023-08-16 12:30:03,2023-08-16,12:30:03
107,676766991154068,2023-08-12 10:12:22,2023-08-12,10:12:22
108,675636914600409,2023-08-10 12:00:28,2023-08-10,12:00:28
109,675637971266970,2023-08-10 09:10:29,2023-08-10,09:10:29
110,672236311607136,2023-08-04 08:50:15,2023-08-04,08:50:15
